id,name,enrollment
18411,2024 Fall - EXSC 3510-1 - Exercise Physiology,12
18412,2024 Fall - HONS 1000-1 - Introduction to Honors,18
18413,2024 Fall - EXSC 3510-L1 - LAB: Exercise Physiology,12
18414,2024 Fall - EXSC 3600-1 - Physiology of Aging,30
18415,2024 Fall - HONS 1000-2 - Introduction to Honors,17
18416,2024 Fall - EXSC 5950-1 - Senior Capstone,16
18417,2024 Fall - HONS 1000-3 - Introduction to Honors,19
18418,2024 Fall - HIST 1200-1 - Ancient Greece and Rome,27
18419,2024 Fall - HONS 1000-4 - Introduction to Honors,16
18420,2024 Fall - HIST 3910-1 - Wars and Reforms in the Russian Empire: From Czar to Red Czar,0
18421,2024 Fall - HONS 1000-5 - Introduction to Honors,23
18422,2024 Fall - HIST 1420-1 - Latin American History: Mexico,28
18423,2024 Fall - HIST 3961-1 - Fascism: A Modern Idea,0
18424,2024 Fall - HIST 1600-1 - Introduction to Chinese History,20
18425,2024 Fall - BIOL 1510-1 - Integrated Concepts in Biology I,38
18426,2024 Fall - BIOL 1510-2 - Integrated Concepts in Biology I,62
18427,2024 Fall - BIOL 1510-L1 - LAB: Integrated Concepts in Biology I,18
18428,2024 Fall - WRIT 8110-1 - Groundings in the Craft of Poetry,6
18429,2024 Fall - BIOL 1510-L2 - LAB: Integrated Concepts in Biology I,20
18430,2024 Fall - WRIT 8130-1 - Groundings in the Craft of Fiction: Fictionalizing the Real,5
18431,2024 Fall - BIOL 1510-L3 - LAB: Integrated Concepts in Biology I,21
18432,2024 Fall - LEAD 1000-1 - Leadership for the Common Good,26
18433,2024 Fall - BIOL 1510-L4 - LAB: Integrated Concepts in Biology I,21
18434,2024 Fall - LEAD 1010-1 - Leading Across Groups and Teams,21
18435,2024 Fall - BIOL 1510-L5 - LAB: Integrated Concepts in Biology I,20
18436,2024 Fall - BIOL 3050-1 - Principles of Genetics,41
18437,2024 Fall - BIOL 3050-L1/L2 - LAB: Principles of Genetics,41
18438,2024 Fall - BIOL 3050-L2 - LAB: Principles of Genetics,0
18439,2024 Fall - WRIT 8351-1 - Creative & Critical Writing: Level 1,7
18440,2024 Fall - EDU 1150-1 - Schools and Society,18
18441,2024 Fall - BIOL 5540-1 - Aquatic Biology,19
18442,2024 Fall - EDU 1150-2 - Schools and Society,19
18443,2024 Fall - WRIT 8353-1 - Creative & Critical Writing: Level 2,5
18444,2024 Fall - EDU 1250-1 - Educational Psychology,21
18445,"2024 Fall - WRIT 8355-1 - Critical and Creative Writing: Level 3, Extended Critical Essay",8
18446,2024 Fall - EDU 1250-2 - Educational Psychology,20
18447,2024 Fall - EDU 3500-1 - Diversity and Education,22
18448,2024 Fall - BIOL 5540-L1 - LAB: Aquatic Biology,19
18450,"2024 Fall - WRIT 8357-1 - Creative & Critical Writing: Level 4, Creative Thesis*",4
18451,2024 Fall - GIST 1910-1 - Introduction to Global and International Studies,24
18452,2024 Fall - BIOL 5650-1 - Animal Behavior,11
18453,2024 Fall - GIST 1910-2 - Introduction to Global and International Studies,24
18454,2024 Fall - INTD 3990-2CR - Internship,0
18455,2024 Fall - FYW 1110-1 - Critical Reading and Composition,16
18456,2024 Fall - BIOL 5650-L1 - LAB: Animal Behavior,11
18457,2024 Fall - FYW 1110-2 - Critical Reading and Composition,17
18458,2024 Fall - INTD 3990-4CR - Internship,0
18459,2024 Fall - FYW 1110-3 - Critical Reading and Composition,17
18460,2024 Fall - BIOL 5960-1 - Senior Capstone,18
18461,2024 Fall - FYW 1110-4 - Critical Reading and Composition,17
18462,2024 Fall - BIOL & NEUR 5961/5962/5963/5964 - Biology & Neuroscience Seminar ,67
18463,2024 Fall - FYW 1110-5 - Critical Reading and Composition,15
18464,2024 Fall - BIOL 5962-1/ NEUR 5962-1 - Biology & Neuroscience Seminar II,0
18465,2024 Fall - BIOL 5963-1/ NEUR 5963-1 - Biology & Neuroscience Seminar III,0
18466,2024 Fall - EDU 1150-L1 - LAB: Schools and Society,9
18467,2024 Fall - BIOL 5964-1/ NEUR 5964-1 - Biology & Neuroscience Seminar Presentation,0
18468,2024 Fall - EDU 1150-L2 - LAB: Schools and Society,4
18469,2024 Fall - CDS 1010-1&2 - Introduction to Programming,40
18470,2024 Fall - EDU 1150-L3 - LAB: Schools and Society,1
18471,2024 Fall - CDS 1010-2 - Introduction to Programming,0
18472,2024 Fall - EDU 1150-L4 - LAB: Schools and Society,9
18473,2024 Fall - ENCM 1200-1 - Introduction to English Studies: Black Feminist Literature and Thought,29
18474,2024 Fall - EDU 1150-L5 - LAB: Schools and Society,8
18475,2024 Fall - ENCM 1230-1 - Introduction to English Studies: American Environmental Literature (Wild and Precious Life),26
18476,2024 Fall - EDU 1150-L6 - LAB: Schools and Society,6
18477,2024 Fall - FYW 1120-1 - Composition and Research,18
18479,2024 Fall - FYW 1120-2 - Composition and Research,17
18481,2024 Fall - FYW 1120-3 - Composition and Research,17
18482,2024 Fall - MATH 1170-1&2 - Calculus I,44
18483,2024 Fall - FYW 1120-4 - Composition and Research,18
18484,2024 Fall - MATH 1170-2 - Calculus I,0
18485,2024 Fall - FYW 1120-5 - Composition and Research,17
18486,2024 Fall - MATH 1180-1 - Calculus II,9
18487,2024 Fall - FYW 1120-6 - Composition and Research,18
18488,2024 Fall - MATH 1200-1 - Statistics,29
18489,2024 Fall - FYW 1120-7 - Composition and Research,17
18490,2024 Fall - MATH 1200-2 - Statistics,30
18491,2024 Fall - FYW 1120-8 - Composition and Research,18
18492,2024 Fall - MATH 1200-3 - Statistics,29
18493,2024 Fall - FYW 1120-9 - Composition and Research,17
18494,2024 Fall - ENCM 3010-1 - Theories & Methods for Professional Communication & Cultural Rhetorics,17
18495,2024 Fall - ENCM 1400-1 - Introduction to Literature and Criticism,13
18496,2024 Fall - ENCM 3410-1 - Studies in Professional Communication: Small Group Communication,24
18497,2024 Fall - ENCM 1600-1 - Public Speaking,23
18498,2024 Fall - ENCM 3140-1 - Studies in and Across Culture: British Fiction Across Genres,15
18499,2024 Fall - ENCM 1500-1 - Introduction to Professional Communication and Cultural Rhetorics,19
18502,2024 Fall - ENCM 3600-1 - Studies in Communication & Public Advocacy: Writing for Social Change,10
18503,2024 Fall - ENCM 1700-1 - Argumentation and Advocacy,25
18504,2024 Fall - ENCM 5900-1 - Senior Seminar: Our Lives Alone,17
18505,2024 Fall - ENCM 1800-1 - Introduction to Journalism,20
18506,2024 Fall - MATH 3320-1 - Multivariable and Vector Calculus,10
18507,2024 Fall - ENCM 3000-1 - Literary and Cultural Theory,14
18508,2024 Fall - MATH 3330-1 - Linear Algebra,13
18511,2024 Fall - MATH 5920-1/5930-1 - Mathematics/Computational Data Science Seminar,9
18513,2024 Fall - MATH 5930-1 - Mathematics/Computational Data Science Seminar Presentation,0
18514,2024 Fall - ENCM 1100-1 - Introduction to Communication Studies,36
18515,2024 Fall - ENCM 1220-1 - Introduction to English Studies: Horror Films: All of Us Monsters,19
18516,2024 Fall - MUS 1030-1 - Music in World Cultures,24
18517,2024 Fall - MUS 1030-2 - Music in World Cultures,23
18518,2024 Fall - MUS 1040-1/CEPD 1040-1 - Music Technology for Creative Artists,14
18519,2024 Fall - MUS 1041-1 - Audio Mixing,12
18520,2024 Fall - MUS 1070-1 - Beginning Class Voice,10
18521,2024 Fall - MUS 1070-2 - Beginning Class Voice,8
18522,2024 Fall - MUS 1210-1 - Beginning Class Piano,11
18523,2024 Fall - MUS 1210-2 - Beginning Class Piano,13
18524,2024 Fall - GED 7815-1 - Schools and Society,16
18525,2024 Fall - MUS 1600-1 - Class Violin,7
18526,2024 Fall - EDU 1150-P1 - Schools and Society,6
18527,2024 Fall - MUS 1750-1 - Class Guitar,9
18528,2024 Fall - EDU 1150-LP1 - LAB: Schools and Society,6
18529,2024 Fall - MUS 1850-1/ PPC 1850-1 - Creative Collaboration I,17
18530,2024 Fall - EDU 1250-P1 - Educational Psychology,3
18531,2024 Fall - MUS 3070-1 - Advanced Class Voice,3
18532,2024 Fall - GED 7825-1 - Educational Psychology,16
18534,2024 Fall - EDU 3500-L1 - LAB: Diversity and Education,22
18536,"2024 Fall - GED 7846-1 - Teaching Literacy in the Elementary School K-6, Part I",22
18538,2024 Fall - GED 7846L-L1/L2 - Lab: Teaching Literacy in the Elementary School,22
18540,2024 Fall - GED 7846L-L2 - Lab: Teaching Literacy in the Elementary School,0
18544,2024 Fall - LGST 8000-1 - Foundations in Law,15
18546,2024 Fall - LGST 8000-2 - Foundations in Law,13
18547,"2024 Fall - NEUR 3100-1 - Neurological Diseases, Disorders, and Society",23
18548,2024 Fall - LGST 8010-1 - Civil Litigation Survey and Procedure,19
18549,2024 Fall - PBHL 3020-1 - Global Health I,11
18550,2024 Fall - LGST 8012-1 - Transactions and Contracts in Business,15
18551,"2024 Fall - PPC 1120-1 - Performance and Community: An Introduction to Theatre, Citizenship, and Belonging",15
18552,2024 Fall - LGST 8015-1 - Regulation in America,18
18553,2024 Fall - PPC 1180-1 - Introduction to Film Studies,31
18554,2024 Fall - LGST 8020-1 - Legal Writing and Research,17
18555,2024 Fall - PPC 1420-1 - Technical Theatre,19
18556,2024 Fall - LGST 8045-1 - Employment Law,19
18557,2024 Fall - PPC 3150-1 - Topics in Theatre History: Shakespeare,22
18558,2024 Fall - LGST 8065-1 - Immigration Law,14
18559,2024 Fall - ART 1540-1 - Painting I,13
18561,2024 Fall - ART 3540-1 - Painting II,2
18562,2024 Fall - LGST 8495-1 - Graduate Legal Capstone,9
18563,2024 Fall - ART 5540-1 - Painting III,1
18564,2024 Fall - GED 7050-1 - Student Teaching Seminar,28
18565,2024 Fall - PPC 1130-1 - Dance I,13
18566,2024 Fall - WRIT 8000-1 - MFA Core,18
18567,2024 Fall - PPC 3800-0CR - Dance Ensemble,0
18568,2024 Fall - WRIT 8125-1 - Creative Nonfiction Workshop,6
18569,2024 Fall - PPC 3800-2CR/0CR - Dance Ensemble,14
18570,2024 Fall - ART 1100-1 - Introduction to Digital Media Arts,15
18571,2024 Fall - REL 1100-1 - Introduction to Religion,39
18572,2024 Fall - ART 1100-2 - Introduction to Digital Media Arts,14
18574,2024 Fall - ART 1120-1 - Fundamentals of Design,20
18575,2024 Fall - MGMT 1200-1 - Business & Society,35
18576,2024 Fall - REL 3000-1 - Searching for Religion: The Quest for Meaning from the Church and Mosque to the Movie Screen and Concert Stage,15
18577,2024 Fall - FIN 310T-03 - (ST) Core Financial Management,0
18578,2024 Fall - ART 1130-1 - Drawing,16
18579,2024 Fall - REL 5900-1 - Religion Colloquium,3
18580,2024 Fall - ART 1460-1 - Web Design I,16
18582,2024 Fall - SPAN 1110-1 - Beginning Spanish I,13
18583,2024 Fall - FIN 311T-01 - (ST) Advanced Financial Management,0
18584,2024 Fall - ART 1130-2 - Drawing,15
18585,2024 Fall - MGMT 3100-1&2 - Foundations of Management,58
18586,2024 Fall - SPAN 3210-1 - Intermediate Spanish I,15
18587,2024 Fall - MATH 385T-01 - (ST) Math Meths/Numerical Analysis,1
18589,2024 Fall - ART 1150-1 - Art Foundations,16
18590,2024 Fall - MGMT 3100-2 - Foundations of Management,0
18591,2024 Fall - SPAN 3350-1 - Advanced Communication in Spanish,14
18592,2024 Fall - ART 1300-1 - Creative Coding,14
18593,2024 Fall - MGMT 3130-1 - Business Law,31
18594,2024 Fall - THTR 350M-01 - (MC) Directing for the Stage,1
18595,2024 Fall - ART 1420-1 - Digital Video I,13
18596,2024 Fall - MGMT 3130-2 - Business Law,23
18597,2024 Fall - SPAN 3910-1 - Spanish for the Professional,15
18598,2024 Fall - THTR 285M-01 - (MC) Costume Design,1
18599,2024 Fall - MGMT 3710-1 - Operations Management,20
18600,2024 Fall - ART 1450-1 - Graphic Design I,10
18602,2024 Fall - BIOL 105T-03/55 - (ST) Human Biology,1
18603,2024 Fall - ART 1470-1 - 3D Experimental Animation,9
18604,2024 Fall - MGMT 3740-1 - Organizational Leadership,17
18605,2024 Fall - ACCT 317T-01 - (ST) Cost Accounting,1
18606,2024 Fall - SPAN 5210-1 - Spanish Children's Literature,9
18607,2024 Fall - GEOG 321T-01 - (ST) Geographic Info Systems,2
18608,2024 Fall - MGMT 3960-1 - Internship with Seminar,16
18609,2024 Fall - ART 3440-1 - Art and Emerging Technologies II,1
18610,2024 Fall - MODL 1010-1 - Fundamentals of Linguistics,23
18611,2024 Fall - FIN 314T-01 - (ST) Intro to Financial Technology,1
18612,2024 Fall - MGMT 5860-1 - Strategic Management,26
18613,2024 Fall - WRIT 1500-1 - Intro to Creative Writing,15
18614,2024 Fall - ART 1490-1 - Digital Fabrication I,13
18615,2024 Fall - MATH 128T-02 - (ST) Intro to Discrete Math,1
18616,2024 Fall - WRIT 1500-2 - Intro to Creative Writing,19
18617,2024 Fall - ART 1480-1 - Digital Audio I,11
18618,2024 Fall - MGMT 5860-2 - Strategic Management,16
18619,2024 Fall - FIN 402T-01 - (ST) Adv Topics in Risk Mgmt & Insu,1
18620,2024 Fall - WRIT 1500-3 - Intro to Creative Writing,19
18621,2024 Fall - ART 3480-1 - Digital Audio II,3
18622,2024 Fall - MKTG 3100-1 - Foundations of Marketing,35
18623,2024 Fall - ACCT 410T-01 - (ST) Advanced Accounting,2
18624,2024 Fall - WRIT 1500-4 - Intro to Creative Writing,16
18625,2024 Fall - ART 5480-1 - Digital Audio III,0
18626,2024 Fall - PHIL 3970-SK - Independent Study: Advanced Values and Objectivity in Scientific Research,1
18627,2024 Fall - MKTG 3100-2 - Foundations of Marketing,34
18628,2024 Fall - WRIT 1500-5 - Intro to Creative Writing,18
18629,2024 Fall - ART 1500-1 - Printmaking I,10
18630,2024 Fall - EDU 5880-P1 - Preparing for a Career in Education,2
18631,2024 Fall - MKTG 3740-1 - Consumer Behavior,35
18632,2024 Fall - WRIT 3120-1 - Forms and Elements of the Craft: Fiction,17
18633,2024 Fall - ART 3500-1 - Printmaking II,4
18634,2024 Fall - JAPN 111T-02 - (ST) Elementary Japanese I,1
18635,2024 Fall - WRIT 3130-1 - Forms and Elements of the Craft: Creative Nonfiction,11
18636,2024 Fall - MKTG 3730-1 - Digital Marketing Strategies,36
18637,2024 Fall - ART 5500-1 - Printmaking III,1
18638,2024 Fall - CSCI 127M-04 - (MC) Object-Oriented Programming and Abstraction,1
18639,2024 Fall - WRIT 3450-1 - Runestone: Introduction to Literary Publishing,17
18640,2024 Fall - ART 1510/3510 - Sculpture I & II,15
18641,2024 Fall - DASC 400T-01 - (ST) Data Mining & Machine Learning,1
18642,2024 Fall - WRIT 3540-1 - Creative Writing Workshop,14
18643,2024 Fall - PSCI 1000-1 - Great Questions of Modern Politics,19
18644,2024 Fall - ART 3510-1 - Sculpture II,0
18645,2024 Fall - PSY 202T-L01 - (ST) Lifespan Development,1
18647,2024 Fall - ART 5510-1 - Sculpture III,0
18648,2024 Fall - MATH 313T-01 - (ST) Probability,2
18649,2024 Fall - PPC 3010-1 - Production Experience: Romeo and Juliet,28
18650,2024 Fall - QMBE 1310-1&2 - Statistics,64
18651,2024 Fall - GEOG 111T-L01 - (ST) Human Geography,3
18652,2024 Fall - ART 1540-2 - Painting I,15
18653,2024 Fall - WRIT 1200-1 - The Creative Process,16
18654,2024 Fall - SJSC 5970-RL - Independent Study: The Parents' Perspective,1
18655,2024 Fall - ART 3420-1 - Digital Video II,8
18656,2024 Fall - CJFS 1120-1 - Crime and Justice in America,32
18657,2024 Fall - QMBE 1310-2 - Statistics,0
18658,2024 Fall - ART 5420-1 - Digital Video III,1
18659,2024 Fall - CJFS 1400-1 - Diversity Issues in Criminal Justice,33
18660,2024 Fall - ARTH 1250-1 - Graphic Design History,19
18661,2024 Fall - PHYS 5920-1 - Research Project-Based Advanced Laboratory,6
18662,2024 Fall - CJFS 3400-1 - Survey of Forensic Science,35
18663,2024 Fall - QMBE 1320-1 - Introduction to Business Analytics,33
18665,2024 Fall - BIOC 3820-1 - Biochemistry I,27
18666,2024 Fall - CJFS 3410-1 - Crime Scene and Death Investigation,16
18668,2024 Fall - BIOC 3820-L1 - LAB: Biochemistry I,17
18669,2024 Fall - CJFS 3700-1 - Policing in America,29
18670,2024 Fall - QMBE 1320-2 - Introduction to Business Analytics,27
18671,2024 Fall - PHYS 1080C-D01/D50 - (SC) Physics for the Health Sciences I,2
18672,2024 Fall - BIOC 3820-L2 - LAB: Biochemistry I,10
18673,2024 Fall - CJFS 3720-1 - Constitutional Issues in Criminal Procedure,27
18674,2024 Fall - SOCJ 1980-A-1 - Special Topics: Introduction to Sociology,2
18675,2024 Fall - CJFS 3730-1 - Victimology,25
18676,2024 Fall - BIOL 1130-1 - Biodiversity and Conservation Biology,38
18677,2024 Fall - LGST 3980-1 - Special Topics: Supreme Court of the United States,0
18678,2024 Fall - PHYS 1980-A-1 - Special Topics: Astronomy,1
18679,2024 Fall - CJFS 3750-1 - Theories of Criminal Behavior,25
18680,2024 Fall - BIOL 1130-L1 - LAB: Biodiversity and Conservation Biology,19
18681,2024 Fall - IPE 1020C-C01 - (SC) Medical Terminology,2
18682,2024 Fall - CJFS 3750-2 - Theories of Criminal Behavior,23
18683,2024 Fall - BIOL 1130-L2 - LAB: Biodiversity and Conservation Biology,19
18684,2024 Fall - PSCI 3980-2/LGST 3980-1 - Special Topics: Supreme Court of the United States,18
18685,2024 Fall - MATH 317T-D01 - (ST) Real Analysis,1
18686,"2024 Fall - CJFS 3770-1 - Punishment, Corrections and Society",30
18687,2024 Fall - EDUC 7601-1 - Introduction to Adult Education,9
18689,2024 Fall - CJFS 5660-1 - Senior Capstone and Internship in CJFS,13
18690,2024 Fall - BLAW 300T-01 - (ST) Law for Business Leaders I,1
18691,2024 Fall - EDUC 7690-1 - ABE Field Experience,2
18692,2024 Fall - CJFS 3460-1 - Topics in Forensic Science: Biological Evidence and Serological Examinations,15
18693,2024 Fall - PBHL 200T-01/51 - (ST) Emerging Disease & Glob Health,1
18694,2024 Fall - ESL 7621-1 - TEFL Certificate Part I,9
18695,2024 Fall - CJFS 3450-1 - Forensic Firearm and Toolmark Examination,15
18696,2024 Fall - ARTH 356T-L01 - (ST) Modernism in European Art,1
18699,2024 Fall - GED 7990-1 - Advanced Practicum,6
18700,2024 Fall - PSCI 3980-3 - Special Topics: Applied Research on Conspiracy Theories,0
18701,"2024 Fall - LGST 1300-1 - Legal Advocacy, Policy, and Practice",18
18702,2024 Fall - ESL 7770-1 - Critical Praxis in TESOL,16
18703,"2024 Fall - LGST 1300-2 - Legal Advocacy, Policy, and Practice",20
18704,2024 Fall - PHYS 5900/5910 - Junior & Senior Seminar,10
18705,2024 Fall - ESL 8100-1 - Linguistics for Language Teachers,8
18707,2024 Fall - PHYS 5910-1 - Senior Seminar,0
18709,2024 Fall - LGST 3600-1 - Tort Law,28
18710,2024 Fall - LGST 3690-1 - Courts and Testimony,27
18711,2024 Fall - GED 8495-1 - Capstone Thesis I,3
18713,2024 Fall - LGST 3760-1 - Contracts,10
18714,2024 Fall - GED 8496-1 - Capstone Thesis II,3
18715,2024 Fall - WRIT 8349-1 - Multi-Genre Topics: Writers Go to the Movies,7
18716,2024 Fall - SJSC 1100-1 - Social Justice and Social Change,20
18717,2024 Fall - CHIN 1110-1 - Beginning Chinese I,12
18718,2024 Fall - GED 8490-1 - Capstone Project,8
18719,2024 Fall - SJSC 1110-1 - Society and Social Change,29
18720,2024 Fall - CHIN 3110-1/SC - Intermediate Chinese I,5
18722,2024 Fall - SJSC 1110-2 - Society and Social Change,28
18723,2024 Fall - EXSC 3210-1 - Human Anatomy & Physiology I,29
18725,2024 Fall - SJSC 3910-1 - Theorizing Social Life,11
18726,2024 Fall - EXSC 3210-L1 - LAB: Human Anatomy & Physiology I,17
18727,2024 Fall - HIST 3980-1 - Special Topics: Excavating Hamline History,0
18728,2024 Fall - HIST 3960-1 - Topics in Comparative History: Borders and Borderlands,8
18729,2024 Fall - EXSC 3210-L2 - LAB: Human Anatomy & Physiology I,12
18730,2024 Fall - ANTH 3810-1/HIST 3980 1 - Excavating Hamline History,24
18731,2024 Fall - GIST 3020-1/ HIST 3020-1 - Interdisciplinary Research Methods,13
18732,2024 Fall - FSEM 1010-1 - FYSem: Who Gets to Be a Scientist?,19
18733,2024 Fall - MUS 3160S-1 - Orchestral Technique: Soloist,1
18734,"2024 Fall - FSEM 1010-2 - FYSem: Performance and Protest: Activism, Art, and Theatre",17
18735,2024 Fall - PBHL 1100-1 - Introduction to Public Health,37
18736,2024 Fall - MUS 3160X-1 - Orchestral Technique: Violin Sections,3
18737,2024 Fall - EXSC 3400-1 - Biomechanics and Kinesiology,10
18738,2024 Fall - PBHL 3100-1 - Epidemiology,12
18739,2024 Fall - PBHL 5950-1 - Senior Seminar,8
18740,2024 Fall - EXSC 3400-L1 - LAB: Biomechanics and Kinesiology,10
18741,2024 Fall - MUS 3160Y-1 - Orchestral Technique: Viola Sections,4
18743,2024 Fall - MUS 3160Z-1 - Orchestral Technique: Cello and Bass Sections,1
18744,2024 Fall - PHIL 1130-1 - Logic,35
18746,2024 Fall - PHIL 1140-1 - Ethics,35
18748,2024 Fall - PHIL 1140-2 - Ethics,35
18749,2024 Fall - MUS 3500-1 - Individual Music Lessons: Voice,14
18750,2024 Fall - PHIL 3140-1 - Bioethics,25
18751,2024 Fall - PHIL 1650-1 - World Traditions in Philosophy,35
18752,2024 Fall - MUS 3510-1 - Individual Music Lessons: Piano,9
18753,2024 Fall - PHIL 1720-1 - Values and Objectivity in Scientific Research,24
18754,2024 Fall - MUS 3515-1 - Individual Music Lessons: Jazz Piano,1
18755,2024 Fall - PHYS 1135-1 - Imaging the Invisible World,23
18756,2024 Fall - MUS 3540-1 - Individual Music Lessons: Guitar,5
18757,2024 Fall - PHYS 1150-1 - Algebra-Based Physics I,23
18758,2024 Fall - MUS 3550-1 - Individual Music Lessons: Flute,4
18759,2024 Fall - PHYS 1150-L1 - LAB: Algebra-Based Physics I,6
18760,2024 Fall - PHYS 1150-L2 - LAB: Algebra-Based Physics I,3
18761,2024 Fall - MUS 3560-1 - Individual Music Lessons: Oboe,0
18762,2024 Fall - PHYS 1150-L3 - LAB: Algebra-Based Physics I,6
18763,2024 Fall - MUS 3570-1 - Individual Music Lessons: Clarinet,1
18764,2024 Fall - PHYS 1150-L4 - LAB: Algebra-Based Physics I,8
18765,2024 Fall - MUS 5930-1 - Senior Project,2
18766,2024 Fall - MUS 3580-1 - Individual Music Lessons: Saxophone,1
18767,2024 Fall - EXSC 3980-1 - Special Topics: Fundamentals of Strengthening and Conditioning,18
18768,2024 Fall - MUS 3590-1 - Individual Music Lessons: Bassoon,0
18770,2024 Fall - MUS 3600-1 - Individual Music Lessons: Violin,2
18771,2024 Fall - LGST 1110-1 - Legal Systems in American Society,27
18772,2024 Fall - MUS 3610-1 - Individual Music Lessons: Viola,2
18773,2024 Fall - LGST 5900-1 - Legal Studies Practicum (Internship),11
18774,2024 Fall - MUS 3620-1 - Individual Music Lessons: Cello,1
18775,2024 Fall - LGST 1110-2 - Legal Systems in American Society,29
18776,2024 Fall - MUS 3630-1 - Individual Music Lessons: Jazz Guitar/Electric Bass,2
18777,2024 Fall - LGST 1110-3 - Legal Systems in American Society,28
18778,2024 Fall - MUS 3635-1 - Individual Music Lessons: Double Bass,0
18779,2024 Fall - PHYS 1135-L1 - LAB: Imaging the Invisible World,11
18780,2024 Fall - MUS 3640-1 - Individual Music Lessons: Trumpet,2
18781,2024 Fall - PHYS 1135-L2 - LAB: Imaging the Invisible World,12
18782,2024 Fall - MUS 3650-1 - Individual Music Lessons: French Horn,1
18783,2024 Fall - MUS 3660-1 - Individual Music Lessons: Trombone,2
18784,2024 Fall - PHYS 1230-1 - General Physics I,40
18785,2024 Fall - MUS 3670-1 - Individual Music Lessons: Tuba/Euphonium,3
18786,2024 Fall - PHYS 1230-L1 - LAB: General Physics I,10
18787,2024 Fall - MUS 3690-1 - Individual Music Lessons: Harp,1
18788,2024 Fall - PHYS 1230-L2 - LAB: General Physics I,13
18789,2024 Fall - MUS 3700-1 - Individual Music Lessons: Percussion,3
18790,2024 Fall - PHYS 1230-L3 - LAB: General Physics I,8
18791,2024 Fall - PHYS 1230-L4 - LAB: General Physics I,9
18792,2024 Fall - MUS 3705-1 - Individual Music Lessons: Jazz Drumming,2
18793,2024 Fall - PHYS 3110-1 - Engineering Mechanics: Statics,8
18794,2024 Fall - MUS 3710-1 - Individual Music Lessons: Composition-Popular & Classical,1
18795,2024 Fall - PHYS 3540-1 - Modern Physics,8
18796,2024 Fall - MUS 3720-1 - Individual Music Lessons: Composition-Sound Design,0
18797,2024 Fall - PHYS 3540-L1 - LAB: Modern Physics,8
18798,2024 Fall - MUS 3730-1 - Individual Music Lessons: Composition-Jazz,0
18799,2024 Fall - PHYS 3700-1 - Condensed Matter Physics,5
18800,2024 Fall - MUS 5500-1 - Individual Music Lessons: Voice,0
18801,2024 Fall - SJSC 3330-1 - Gender Matters,19
18802,2024 Fall - MUS 5510-1 - Individual Music Lessons: Piano,0
18805,2024 Fall - SJSC 3900-1 - Engaging Social Justice,10
18806,2024 Fall - MUS 5540-1 - Individual Music Lessons: Guitar,1
18807,2024 Fall - PSCI 1110-1 - American Government and Politics,28
18808,2024 Fall - MUS 5550-1 - Individual Music Lessons: Flute,0
18809,2024 Fall - PSCI 1200-1 - Introduction to Ethical Public Policy,21
18810,2024 Fall - MUS 5560-1 - Individual Music Lessons: Oboe,0
18811,2024 Fall - PSCI 1430-1 - World Politics,27
18812,2024 Fall - MUS 5570-1 - Individual Music Lessons: Clarinet,0
18814,2024 Fall - PSCI 3540/3980 Applied Research,22
18815,2024 Fall - MUS 5580-1 - Individual Music Lessons: Saxophone,1
18817,2024 Fall - MUS 5590-1 - Individual Music Lessons: Bassoon,0
18819,2024 Fall - MUS 5600-1 - Individual Music Lessons: Violin,0
18820,2024 Fall - PSY 1330-1 - General Psychology,35
18821,2024 Fall - PSY 1330-2 - General Psychology,35
18822,2024 Fall - MUS 5610-1 - Individual Music Lessons: Viola,1
18823,2024 Fall - PSY 1330-3 - General Psychology,32
18824,2024 Fall - MUS 5620-1 - Individual Music Lessons: Cello,0
18825,2024 Fall - PSY 1420-1 - Brain and Behavior,30
18826,2024 Fall - PSY 1440-1 - Lifespan Development,31
18827,2024 Fall - MUS 5630-1 - Individual Music Lessons: Jazz Guitar/Electric Bass,0
18828,2024 Fall - PSY 1480-1 - Psychopathology,32
18829,2024 Fall - MUS 5635-1 - Individual Music Lessons: Double Bass,0
18830,2024 Fall - PSY 1480-2 - Psychopathology,33
18831,2024 Fall - MUS 5640-1 - Individual Music Lessons: Trumpet,0
18832,2024 Fall - PSY 3350-1 - Research Methods in Psychology,17
18833,2024 Fall - MUS 5650-1 - Individual Music Lessons: French Horn,0
18834,2024 Fall - PSY 3350-2 - Research Methods in Psychology,12
18835,2024 Fall - MUS 5660-1 - Individual Music Lessons: Trombone,0
18836,2024 Fall - PSY 3420-1 - Cognitive Neuroscience,21
18837,2024 Fall - PSY 3800-1 - Social Psychology,25
18838,2024 Fall - MUS 5670-1 - Individual Music Lessons: Tuba/Euphonium,0
18839,2024 Fall - PSY 3840-1 - Addictive Disorders,29
18840,2024 Fall - MUS 5690-1 - Individual Music Lessons: Harp,0
18841,2024 Fall - PSY 5440-1 - Childhood and Society,12
18842,2024 Fall - MUS 5700-1 - Individual Music Lessons: Percussion,0
18843,2024 Fall - CJFS 3810-1 - Topics in Criminal Justice: Transnational Crime,0
18844,2024 Fall - MUS 5705-1 - Individual Music Lessons: Jazz Drumming,0
18845,2024 Fall - PSCI 3980/CJFS 3810 - Transnational Crime,26
18846,2024 Fall - ART 1140-1 - Drawing from Life,15
18847,2024 Fall - MUS 5710-1 - Individual Music Lessons: Composition-Popular & Classical,0
18848,2024 Fall - GED 7851-1 - Teaching Science in the Elementary School,20
18849,2024 Fall - MUS 5720-1 - Individual Music Lessons: Composition-Sound Design,0
18850,2024 Fall - GED 7857-1 - Teaching Communication Arts and Literature in the Middle and Secondary School Part I,9
18851,2024 Fall - MUS 5730-1 - Individual Music Lessons: Composition-Jazz,0
18852,2024 Fall - GED 7858-1 - Teaching Social Studies in the Middle and Secondary School Part I,7
18853,2024 Fall - PSY 3450-1 - Adult Development and Aging,26
18855,2024 Fall - GED 7852-1 - Teaching Mathematics in the Elementary School,16
18856,2024 Fall - GED 7867-1 - Theory to Practice,15
18857,2024 Fall - GED 7879-1 - Teaching Mathematics and Science in the Middle and Secondary School Part I,11
18859,2024 Fall - GED 7885-1 - Student Teaching Elementary K-6,5
18860,2024 Fall - CHIN 3610-1 - Chinese for the Professional,7
18861,2024 Fall - GED 7886-1 - Student Teaching Special Education K-12,2
18862,"2024 Fall - LGST 3200-1 - Law, Life, Work & Well-Being",21
18863,2024 Fall - GED 7894-1 - Secondary Student Teaching 9-12,1
18864,2024 Fall - ECST 1100-1 - Introduction to Environmental and Climate Studies,24
18865,2024 Fall - GED 7895-1 - Student Teaching Secondary 5-12,16
18866,2024 Fall - ESL 7775-1 - ESL Methods I,17
18867,2024 Fall - GED 7896-1 - Student Teaching K-12,3
18868,2024 Fall - GED 7897-1 - Middle-Level Student Teaching 5-8,1
18869,2024 Fall - ANTH 1160-1 - Introduction to Anthropology,30
18870,2024 Fall - FIN 3100-1 - Foundations of Finance,23
18871,2024 Fall - ANTH 1160-2 - Introduction to Anthropology,28
18873,2024 Fall - ANTH 3610-1/ANTH 1980-2 - Ethnographic Research Methods,21
18875,2024 Fall - ANTH 3710-1 - Human Osteology and Skeletal Identification,22
18876,2024 Fall - FIN 3730-1 - Corporate Finance,13
18877,2024 Fall - ANTH 3710-L1 - LAB: Human Osteology and Skeletal Identification,22
18878,2024 Fall - ACCT 3040-1 - Securities and Exchange Commission (SEC) Regulations and Reporting,17
18879,2024 Fall - ANTH 3060-1 - Topics in Biological Anthropology: Bioarchaeology of Mummies,15
18881,2024 Fall - ACCT 5040-1 - Auditing,9
18882,2024 Fall - ANTH 1600-1 - Anthropocene: Culture and Climate Change,35
18883,2024 Fall - GED 7871-1 - Teaching Literacy in the Middle and Secondary School 5-12,11
18884,2024 Fall - ANTH 3071-1 - Environmental Conflict and Collective Violence,22
18886,2024 Fall - ECON 3820-1 - Econometrics,18
18887,2024 Fall - ACCT 1310-2 - Financial Reporting,0
18889,2024 Fall - QMBE 3740-1 - Data Mining,17
18890,2024 Fall - CHEM 1130-1 - General Chemistry I,35
18891,2024 Fall - CHEM 1130-2 - General Chemistry I,40
18892,2024 Fall - EDU 3260-1 - Theory to Practice,11
18893,2024 Fall - CHEM 1130-3 - General Chemistry I,37
18894,2024 Fall - CHEM 1130-4 - General Chemistry I,32
18895,2024 Fall - CHEM 1130-L1 - LAB: General Chemistry I,18
18896,2024 Fall - PSCI 3740-1 - Political Psychology,25
18897,2024 Fall - CHEM 1130-L2 - LAB: General Chemistry I,20
18898,"2024 Fall - GED 8220-1 - Policy, Leadership, and Advocacy in Education",18
18899,2024 Fall - CHEM 1130-L3 - LAB: General Chemistry I,14
18900,2024 Fall - GED 8400-1 - Capstone Design,17
18901,2024 Fall - CHEM 1130-L4 - LAB: General Chemistry I,16
18902,2024 Fall - GED 8400-2 - Capstone Design,15
18903,2024 Fall - CHEM 1130-L5 - LAB: General Chemistry I,17
18904,2024 Fall - LANG 8300-1 - The Nature of Literacy Learning and Effective Instructional Practices,6
18905,2024 Fall - CHEM 1130-L6 - LAB: General Chemistry I,11
18907,2024 Fall - CHEM 1130-L7 - LAB: General Chemistry I,17
18908,2024 Fall - CHEM 1130-L8 - LAB: General Chemistry I,19
18909,2024 Fall - LANG 8330-1 - Identifying and Meeting Student Needs: Formative and Summative Reading Assessments and Interventions,9
18910,2024 Fall - CHEM 3330-1 - Instrumental Methods,8
18911,2024 Fall - LANG 8350-1 - Advanced Literacy Leadership,6
18912,2024 Fall - CHEM 3450-1 - Organic Chemistry I,26
18913,2024 Fall - CHEM 3450-2 - Organic Chemistry I,33
18914,2024 Fall - CHEM 3450-L1 - LAB: Organic Chemistry I,11
18915,2024 Fall - LANG 8360-1 - Advanced Practica in Literacy Leadership,1
18916,2024 Fall - CHEM 3450-L2 - LAB: Organic Chemistry I,7
18917,2024 Fall - ACCT 3050-1 - Federal Individual Taxation,23
18918,2024 Fall - CHEM 3450-L3 - LAB: Organic Chemistry I,14
18919,2024 Fall - CHEM 3450-L4 - LAB: Organic Chemistry I,12
18920,2024 Fall - CHEM 3450-L5 - LAB: Organic Chemistry I,15
18921,2024 Fall - CHEM 3550-1 - Thermochemistry,11
18923,2024 Fall - CHEM 3840-1 - Inorganic Chemistry,4
18925,2024 Fall - CHEM 3840-L1 - LAB: Inorganic Chemistry,4
18926,2024 Fall - GED 8126 -1 - Additional Leadership,0
18927,2024 Fall - CHEM 3940-1 - Advanced Laboratory Techniques,8
18928,2024 Fall - GED 8126/8136/8146 - Additional Leadership,1
18929,2024 Fall - CHEM 5950/5951/5960 - Chemistry Seminar,9
18930,2024 Fall - GED 8146-1 - Additional Leadership Assessment: Special Education Director,0
18931,2024 Fall - CHEM 5951-1 - Chemistry Seminar B,0
18932,2024 Fall - GED 8142-1 - Education Law and Ethics,20
18933,2024 Fall - CHEM 5960-1 - Capstone Seminar,0
18935,2024 Fall - ECON 1100-1 - Principles of Economics,34
18937,2024 Fall - ECON 1100-2 - Principles of Economics,33
18938,"2024 Fall - ECON 1500-1 - Methods and Modeling for Economics, Finance, and Analytics",28
18940,2024 Fall - GED 8177/8187 - Field Experience III: Exit,5
18941,2024 Fall - GED 8197-1 - Director Field Experience III: Exit,3
18942,2024 Fall - BIOL 3100-1/ NEUR 3400-1 - Neurobiology,19
18943,2024 Fall - BIOL 3100-L1/ NEUR 3400-L1 - LAB: Neurobiology,19
18944,2024 Fall - CJFS 3980-2/3460-2 - Special Topics: Criminal Investigations,35
18945,2024 Fall - CJFS 3460-2 - Topics in Forensic Science: Criminal Investigations,0
18946,"2024 Fall - REL 1980-1 - Special Topics: Race, Religion, and America's Future",32
18947,"2024 Fall - REL 1630-1 - Religions of South Asia: The Traditions of India, Pakistan, and Beyond",11
18948,2024 Fall - GED 8600-1 - Equitable Innovation and Transformation: Skills and Strategies for K12 Educational Leaders,17
18949,2024 Fall - GED 8187-1 - Superintendent Field Experience III: Exit,0
18952,2024 Fall - ENCM 3200-1 - Topics in Media Studies: Media in Global Perspective,23
18953,2024 Fall - REL 1560-1 - Islam and the Muslim World,24
18954,2024 Fall - ART 3490-1 - Digital Fabrication II,1
18955,2024 Fall - GED 7852L-L1 - Lab: Teaching Mathematics in the Elementary School,14
18956,2024 Fall - GED 7852L-L2 - Lab: Teaching Mathematics in the Elementary School,2
18958,2024 Fall - NSEE 8110-1 - Foundations of Environmental Education,15
18959,2024 Fall - MUS 1046-1/CEPD 1046-1 - Business and Marketing in the Music Industry,16
18960,2024 Fall - PSY 1420-2 - Brain and Behavior,37
18961,2024 Fall - ARTH 1710-1 - Visual Constructions of Gender,19
18962,2024 Fall - GED 8504/GED 8516 - Educational Organizations/Equity and Social Justice Policy,18
18963,2024 Fall - GED 8516-1 - Equity and Social Justice Policy,0
18964,2024 Fall - CJFS 1120-2 - Crime and Justice in America,30
18966,2024 Fall - CJFS 1120-4 - Crime and Justice in America,33
18967,2024 Fall - CJFS 1120-5 - Crime and Justice in America,29
18968,2024 Fall - ECON 3980-1 - Special Topics: Introduction to International Economics,8
18969,"2024 Fall - ANTH 1500-1/ ECST 1500-1 - Environment, Justice, and Well-Being",39
18970,2024 Fall - FIN 3700-1 - Financial Markets and Institutions,13
18972,2024 Fall - SPED 7930-1 - Special Education Evaluation and Assessment,23
18978,2024 Fall - WRIT 3980-1 - Special Topics: Haunted Writing & Haunted Writers,22
18981,2024 Fall - EDU 3260-L1 - LAB: Theory to Practice,11
18985,2024 Fall - GED 8490-2 - Capstone Project,11
18987,2024 Fall - ASL 101A-A - (AC) Beginning ASL I,1
18989,2024 Fall - PSCI 5000-AO - Senior Seminar,1
18991,2024 Fall - ENCM 1220-2 - Introduction to English Studies: Asian American Literatures,22
18994,2024 Fall - ENCM 5900-CJ - Senior Seminar,1
18995,2024 Fall - CHIN 3110-SC - Intermediate Chinese I,0
18996,2024 Fall - ANTH 4030-BH - Apprentice Teaching,1
18997,2024 Fall - ANTH 4030-MS - Apprentice Teaching,1
18998,2024 Fall - ANTH 4030-BH2 - Apprentice Teaching,1
18999,2024 Fall - URB 111A-A - (AC) City Life: Introduction to Urban Sociology,1
19000,2024 Fall - ENCM 1700-2 - Argumentation and Advocacy,23
19002,2024 Fall - ART 3500-JS - Printmaking II,1
19004,2024 Fall - PSCI 461A-A - (AC) Topics: U.S. Foreign Policy,1
19009,2024 Fall - WRIT 8491-1 - Thesis I,1
19010,2024 Fall - WRIT 8491-2 - Thesis I,1
19011,2024 Fall - WRIT 8491-3 - Thesis I,1
19012,2024 Fall - WRIT 8491-4 - Thesis I,1
19013,2024 Fall - WRIT 8491-5 - Thesis I,1
19014,2024 Fall - WRIT 8491-6 - Thesis I,1
19015,2024 Fall - WRIT 8491-7 - Thesis I,1
19016,2024 Fall - WRIT 8491-8 - Thesis I,1
19019,2024 Fall - GIST 1910-3 - Introduction to Global and International Studies,21
19025,2024 Fall - PSY 1330-A-1 - General Psychology,0
19043,2024 Fall - MATH 114T-01 - (ST) Calculus II,0
19044,"2024 Fall - FSEM 1010-3 - FYSem: Ugh, Who Cares?: Studies in “Self-Care,” Burn-Out, and Grind Culture",20
19045,2024 Fall - FSEM 1010-4 - FYSem: Into the Wild,19
19046,2024 Fall - FSEM 1010-5 - FYSem: Examining East Asian Politics Through the Lens of Movies,19
19047,2024 Fall - FSEM 1010-6 - FYSem: The Classic Rock Era of Music,19
19048,2024 Fall - FSEM 1010-7 - FYSem: Math Therapy,20
19049,"2024 Fall - FSEM 1010-8 - FYSem: Structures in Music, Space, and Social Interaction",19
19050,2024 Fall - EDU 5880-LB - Preparing for a Career in Education,1
19053,2024 Fall - FSEM 1010-14 - FYSem: Exploring Representations of Mental Health and Mental Illness in Popular Media,21
19054,2024 Fall - FSEM 1010-15 - FYSem: Protecting our Planet through Chemistry,19
19055,2024 Fall - FSEM 1010-16 - FYSem: Sparking Joy: Studying Happiness and Health,20
19056,"2024 Fall - FSEM 1010-17 - FYSem: Conspiracy Culture: Misinformation, Disinformation and the Politics of Truth",19
19057,2024 Fall - FSEM 1010-18 - FYSem: The Insurgent Multiculturalism of Beloved Community,20
19058,"2024 Fall - FSEM 1010-19 - FYSem: Ethics, Technology, and the Future",18
19059,2024 Fall - FSEM 1010-20 - FYSem: YA Fantasy Fiction Across Cultures,20
19060,2024 Fall - FSEM 1010-21 - FYSem: Images of Resistance: Visual Art and Social Activism,18
19061,2024 Fall - FSEM 1010-22 - FYSem: Mind-Altering Arguments,20
19062,2024 Fall - FSEM 1010-23 - FYSem: The Golden Age of Hollywood,18
19076,2024 Fall - BUS 340A-A - (AC) Human Resource Management,1
19083,2024 Fall - DMPS 8995-KN - Dissertation V,1
19133,2024 Fall - GSTD 4024-1 - Study Abroad: Exchange: Hamline at Konkuk University,4
19134,2024 Fall - GSTD 4021-1 - Study Away: ISA in Peru,1
19135,2024 Fall - GSTD 4021-2 - Study Away: ISA in Costa Rica,1
19136,2024 Fall - GSTD 4022-1 - ISEP: Netherlands - Leiden University,1
19137,2024 Fall - GSTD 4022-2 - ISEP: Brazil,1
19153,2024 Fall - FSEM 1010-9 - FYSem: Slavery: The US and Beyond,20
19154,"2024 Fall - FSEM 1010-13 - FYSem: Cultivating Growth: Mindfulness, Meditation, and Leadership Development",18
19155,2024 Fall - FSEM 1010-10 - FYSem: Not Safe for the Kids!,19
19156,2024 Fall - FSEM 1010-11 - FYSem: Jedi Mind Tricks,18
19157,"2024 Fall - FSEM 1010-12 - FYSem: She Scores, We All Win: Empowering Women in Sports Through Activism",18
19161,2024 Fall - FSEM 1010-24 - FYSem: Pipers & Dragons: Multidisciplinary Perspectives on Fantasy Role-Playing Games,20
19167,2024 Fall - FSEM 1010-25 - FYSem: The Making of a Doctor,20
19172,2024 Fall - ARTH 150T-W08 - (ST) Explorations in Art History,1
19204,2024 Fall - MUS 3120-0CR/1CR - A Cappella Choir,46
19205,2024 Fall - MUS 3120-1CR - A Cappella Choir,0
19206,2024 Fall - MUS 3140-0CR/1CR - Hamline Wind Ensemble,33
19207,2024 Fall - MUS 3140-1CR - Hamline Wind Ensemble,0
19208,2024 Fall - MUS 3150-0CR/1CR - Jazz Ensemble,14
19209,2024 Fall - MUS 3150-1CR - Jazz Ensemble,0
19210,2024 Fall - MUS 3160-0CR - Hamline Orchestra,6
19211,2024 Fall - MUS 3160-1CR - Hamline Orchestra,7
19212,2024 Fall - MUS 3170-0CR/1CR - Combos and Chamber Music,8
19213,2024 Fall - MUS 3170-1CR - Combos and Chamber Music,0
19222,2024 Fall - GED 8021-NSF - Designing Effective Learning Environments,18
19223,2024 Fall - BIOL 1510-3 - Integrated Concepts in Biology I,37
19224,2024 Fall - BIOL 1510-L6 - LAB: Integrated Concepts in Biology I,19
19225,2024 Fall - BIOL 1510-L7 - LAB: Integrated Concepts in Biology I,18
19233,2024 Fall - COSP 6998-1 - Teaching Reading to Adults,0
19235,2024 Fall - PSCI 1000-2 - Great Questions of Modern Politics,19
19248,2024 Fall - MUS 117T-L01 - (ST) Musicians: Among Kings & Rebels,1
19249,2024 Fall - MATH 279M-01 - (MC) Discrete Mathematics,1
19255,2024 Fall - CHEM 1130-L10 - LAB: General Chemistry I,12
19257,2024 Fall - ART 1970-CL - Independent Study: Digital Painting,1
19261,2024 Fall - PHIL 1980-A-1 - Special Topics: Ethics,2
19262,2024 Fall - BIOL 3980-A-1 - Special Topics: Introduction to Cell and Molecular Biology,1
19263,2024 Fall - MATH 3980-A-1 - Special Topics: Statistics,1
19265,2024 Fall - COMM 3360-A-1 - Interpersonal Communication,1
19266,2024 Fall - ESL 8120-1 - Pedagogical Grammar and Discourse,3
19270,2024 Fall - JAPN 101M-02/L3 - (MC) First Year Japanese I,1
19272,2024 Fall - CEPD 1040-1 - Music Technology for Creative Artists,0
19273,2024 Fall - CEPD 1041-1 - Audio Mixing,2
19274,2024 Fall - GED 8135-1 - The K-12 Principal,6
19275,ODC Student Orientation Fall 2024,19
19283,2024 Fall - MGMT 1200-2 - Business & Society,32
19284,2024 Fall - ANTH 1980-1 - Special Topics: The Bioarchaeology of Mummies,5
19285,2024 Fall - ANTH 1980-2 - Special Topics: Ethnographic Research Methods,0
19286,2024 Fall - ENCM 3980-MR - Special Topics: Horror Films: All of Us Monsters,4
19287,2024 Fall - ENCM 1980-1 - Special Topics: Writing for Social Change,6
19288,2024 Fall - Hist 1980-1/Hist 3910-1 - Wars and Reforms in the Russian Empire: From Czar to Red Czar,26
19289,2024 Fall - Hist 1980-2/Hist 3961-1 - Fascism: A Modern Idea,30
19292,2024 Fall - ENCM 5010-KD - Departmental Honors Project,1
19299,2024 Fall - GED 8497-SG - Independent Study,1
19301,2024 Fall - CEPD 1046-1 - Business and Marketing in the Music Industry,0
19309,2024 Fall - PBHL 3020-A-1 - Global Health I,1
19312,2024 Fall - COSP 7101-1 - SWEL Contextual Language Workshop,0
19313,2024 Fall - COSP 7102-1 - SWEL Professional Development Workshop,0
19314,2024 Fall - COSP 7103-1 - SWEL Coaching Workshop,0
19315,2024 Fall - CSPD 6098-1 - Math Institute,1
19317,2024 Fall - PHYS 1980-A-2 - Special Topics: General Physics I,1
19318,2024 Fall - PHYS 1980-A-3 - Special Topics: General Physics II,1
19319,2024 Fall - MATH 3980-A-2 - Special Topics: Statistics,1
19320,2024 Fall - WRIT 3970-JB - Independent Study: Novel Layout & Revision,1
19322,2024 Fall - LGST 8020-2 - Legal Writing and Research,15
19324,2024 Fall - MATH 373A-A - (AC) Probability Theory,1
19325,2024 Fall - SJSC 1980-A-1 - Special Topics: Introduction to Sociology,1
19326,2024 Fall - ANTH 3980-A-1 - Special Topics: Cultural Anthropology,1
19328,2024 Fall - CJFS 3970-SS - Independent Study: Mental Illness and Police Response,1
19332,2024 Fall - GED 8994-1 - Dissertation IV,1
19333,2024 Fall - SOC 277A-A - (AC) Introduction to Criminology,1
19334,2024 Fall - CJFS 3970-SS2 - Independent Study: Mental Illness and Criminal Justice,1
19335,2024 Fall - ACCT 1310-1 - Financial Reporting,64
19336,2024 Fall - ACCT 3010-1 - Intermediate Accounting I,14
19337,2024 Fall - FIN 3100-2 - Foundations of Finance,25
19338,2024 Fall - BIOL 1710C-D2/D53 - (SC) Foundations of Biology: Diversity and Evolution with Lab,1
19339,2024 Fall - GED 8993-1 - Dissertation III,1
19340,2024 Fall - CJFS 3980-A-1 - Special Topics: Restorative and Community Based Justice,1
19341,2024 Fall - LEAD 1010-A-2 - Leading Across Groups and Teams,0
19342,2024 Fall - HUM 3980-A-1 - Special Topics: Film Appreciation,1
19343,"2024 Fall - HUM 3980-A-2 - Special Topics: Art, Media Technology, and Culture",0
19344,2024 Fall - PPC 5910-1 - Senior Theatre Project and Seminar,1
19347,2024 Fall - ESL 8110-1 - Language and Society,10
19348,2024 Fall - ENCM 3970-KD - Independent Study: House of Nog - Irish MythWriting,1
19349,2024 Fall - PHIL 3970-JS - Independent Study: Metaphysics,0
19350,2024 Fall - PHIL 3970-JS2 - Independent Study: Ancient Greek Philosophy,0
19351,2024 Fall - PHIL 1650-JS - World Traditions: Ancient Greek Philosophy,1
19352,2024 Fall - PHIL 5560-JS - Metaphysics,1
19353,2024 Fall - GEOG 350T-L01 - (ST) Geography of Global Health,1
19354,2024 Fall - NSED 7042-DN1 - Principles of Interpretation,1
19357,2024 Fall - NSED 7030-EB1 - Fundamentals of Environmental Education Instruction,7
19358,2024 Fall - WGSS 205M-01 - (MC) Trans Theories and Politics,1
19359,2024 Fall - PSY 3990-PM - Psychology Internship: Mental Health Technician at Fraser,1
19362,2024 Fall - INTD 3990-JA - Internship: Mental Health Technician at Fraser,1
19363,2024 Fall - INTD 3990-CL - Internship: Food Resource Center at Hamline University,1
19364,2024 Fall - MATH 360A-A - (AC) Dynamical Systems,1
19367,2024 Fall - EXSC 3990-LS - Exercise Science Internship: InnerCity Tennis Instructor,1
19368,2024 Fall - MATH 230T-01 - (ST) Intro Applied Math,0
19369,2024 Fall - PSY 4010-SK - Collaborative Research: Addictive Disorders Research Lab: Prevention and Intervention,1
19370,2024 Fall - NEUR 5970-BJ - Independent Study: Assessing the Impact of Course-based Undergraduate Research on  First-Generation and Low-Income Students,1
19371,"2024 Fall - PHIL 5970-SK2 - Independent Study: Gender, Justice and Healthcare",1
19372,2024 Fall - PSY 3990-PM2 - Psychology Internship: Youth and Family Advocate at The Bridge for Youth,1
19373,2024 Fall - PSY 4030-EA - Apprentice Teaching,1
19374,2024 Fall - MATH 1970-KO - Independent Study: Statistical Machine Learning and Time Series Analysis,1
19376,2024 Fall - ANTH 3980-A-2 - Special Topics: Cultural Anthropology,0
19377,2024 Fall - CHEM 5965-FI - Chemistry Research Project: Photochemical Generation of Benzyne,1
19378,2024 Fall - ART 3970-JG - Independent Study: Building Interactive Websites,1
19380,2024 Fall - CHEM 5965-US - Chemistry Research Project: Studying PFAS Degradation Using Various Plasma Technologies,1
19381,2024 Fall - INTD 3990-CL2 - Internship: Hamline Food Resource Center Web Design,1
19382,2024 Fall - NSED 7195-PB - Nature-based Early Learning Leadership Project,1
19383,2024 Fall - INTD 5010-PB - Departmental Honors Project,1
19384,2024 Fall - ANTH 5010-BH - Departmental Honors Project,1
19394,2024 Fall - JAPN 407M-01 - (MC) Fourth Year Japanese I,1
19395,2024 Fall - INTD 3990-PM - Internship: Sweet Chocolat Head Chocolatier and Training Specialist,1
19396,2024 Fall - BIOL 3990-LH - Biology Internship: Forestry Field Technician,1
19397,2024 Fall - PSCI 3990-ZZ - Political Science Internship: International Institute of Minnesota,1
19398,2024 Fall - SJSC 5010-RL - Departmental Honors Project,1
19399,2024 Fall - GED 8489-MK - Curricular Practical Training Internship,0
19400,2024 Fall - ENCM 3970-MR - Independent Study: Exploration of Narrative Theory,1
19401,2024 Fall - CHEM 3965-SP - Chemistry Research Project: Site Suitability Assessment for Ciprofloxacin Analysis from Pharmaceuticals,1
19402,2024 Fall - CHEM 5965-US2 - Chemistry Research Project: Chemical Reaction Pathways for PFOA Degradation via Vold Pin to Water Discharge Plasma,1
19403,2024 Fall - CHEM 5965-US3 - Chemistry Research Project: Silver Nanoparticle Dispersed Hydrogel Synthesis via Cold Atmospheric Pressure Plasma,1
19404,2024 Fall - CHEM 3965-FI - Chemistry Research Project: Photochemical Generation of Benzyne,1
19405,2024 Fall - PBHL 4010-CV - Collaborative Research: Chemical Exposures in Personal Care Products,1
19406,2024 Fall - ANTH 3970-MS - Independent Study: Ethnographic Research into Inclusive Theatre,1
19407,2024 Fall - ANTH 3970-MS2 - Independent Study: Primate Thanatology,1
19408,2024 Fall - MATH 3990-KA - Mathematics Internship: Western National Insurance,1
19413,2024 Fall - INTD 5970-ML - Independent Study: Translanguaging Pedagogical Approach to Teaching,1
19414,2024 Fall - MUS 1110-A-1 - Roots of American Popular Music,1
19415,2024 Fall - INTD 3990-SK - Internship: Social Media,1
19416,2024 Fall - INTD 3990-JB - Internship: Digital Production and Programming at the Minnesota Historical Society,1
19417,2024 Fall - PSY 3990-PM3 - Psychology Internship: Mental Health Technician at Fraser,1
19418,2024 Fall - EXSC 3990-LS2 - Exercise Science Internship: Sports Therapy at Training Haus,1
19419,2024 Fall - PSY 3990-PM4 - Psychology Internship: Educational Support Professional for Kidstop at Rush Creek Elementary,1
19420,2024 Fall - PSY 1330-A-4 - General Psychology,1
19421,2024 Fall - INTD 3990-BM - Internship: Samah Home Health Care PCA,1
19422,2024 Fall - ECST 3990-VC - Environmental Studies Internship: Hamline Midway Coalition Environment Committee,1
19423,2024 Fall - PSCI 3990-AO - Political Science Internship: Hamline University Facility Services,1
19424,2024 Fall - WRIT 3990-MR - Creative Writing Internship: Managing Editor of the Fulcrum Journal,1
19429,2024 Fall - EXSC 3990-LS3 - Exercise Science Internship: Hamline University Sports Medicine,1
19430,2024 Fall - INTD 3990-EA - Internship: Adventure is Barking,1
19446,2024 Fall - EXSC 3990-BB - Exercise Science Internship: Twin Cities Orthopedics Student Tech,1
19966,2024 Fall - INTD 3990-CL3 - Internship: Food Resource Center at Hamline University,1
19979,2024 Fall - SPAN 5970-ML - Independent Study: Spanish Children's Books,1
19981,2024 Fall - MATH 3980-A-3 - Special Topics: Statistics,1
20021,"2024 Fall - PSY 3990-EA - Psychology Internship: Behavior Technician at Behavior Frontiers, LLC",1
20022,2024 Fall - EXSC 3990-LS4 - Exercise Science Internship: Hamline University Athletic Training Room,1
20065,2024 Fall - INTD 3990-SK2 - Internship: Community Resource at CLUES- Comunidades Latinas Unidas en Servicios,1
20103,2024 Fall - INTD 3990-IM - Internship: Food Justice at Hamline University,1
20105,2024 Fall - INTD 3990-JA2 - Internship: Security,1
20124,2024 Fall - CSPD 6101-1 - Advancing Language and Literacy Knowledge - 1,0
20125,2024 Fall - CSPD 6102-1 - Advancing Language and Literacy Knowledge - 2,0
20126,2024 Fall - CSPD 6103-1 - Advancing Language and Literacy Knowledge - 3,0
20177,2024 Fall - ENCM 1200-MR - Introduction to English Studies: Horror Films: All of Us Monsters,1